object,obj.idx,table,tab.idx,time
low,33,hor,60,1467627560.050144
high,64,hor,60,1467627561.527957
mid,57,hor,60,1467627563.055947
mid,57,hor,60,1467627564.545092
high,64,hor,60,1467627566.042564
mid,57,hor,60,1467627567.552712
mid,57,hor,60,1467627569.057703
