object,obj.idx,table,tab.idx,time
high,62,hor,60,1467627143.743216
low,48,hor,60,1467627145.247162
low,48,hor,60,1467627146.730180
high,45,hor,60,1467627148.253328
mid,82,hor,60,1467627149.742939
low,12,hor,60,1467627151.239576
low,29,hor,60,1467627152.755156
low,29,hor,60,1467627154.247436
low,29,hor,60,1467627155.741568
high,103,hor,60,1467627157.254385
