object,obj.idx,table,tab.idx,time
high,84,hor,60,1467626007.022980
low,65,hor,60,1467626008.516440
mid,108,hor,60,1467626010.013065
high,36,hor,60,1467626011.503132
low,95,hor,60,1467626013.020990
mid,39,hor,60,1467626014.500657
mid,111,hor,60,1467626016.000576
high,88,hor,60,1467626017.524762
mid,111,hor,60,1467626019.030754
mid,25,hor,60,1467626020.527123
high,104,hor,60,1467626022.035779
high,104,hor,60,1467626023.514634
high,100,hor,60,1467626025.029487
mid,78,hor,60,1467626026.524949
